Category_ID,Area,Rule_Name,Old_Act_Section,New_Act_Section,Section_393_Table_Sl,Nature_Of_Payment,Statutory_Rate,Single_Threshold,FY_Aggregate_Threshold,Payer_Conditions,Payee_Conditions,PAN_Missing_Rate,Effective_Date,Current_Backend_Implementation,Current_Frontend_Implementation,Test_Status,Hardcoded_Values,Unsafe_Fallback_Risk,Audit_Status
TDS-01,TDS,Contractors - Ind/HUF,194C,Section 393,Sl. 6(i),Work Contracts / Manpower,1.0%,₹30000,₹100000,All business entities exceeding audit threshold,Individual / HUF resident,20.0% (Sec 397(2)),01-Apr-2026,Fully implemented in STATUTORY_TDS_TABLE_2025 and TDSEngine,Displays 1% based on backend,Positive & PAN tested,1.0% in table and engine,None,IMPLEMENTED
TDS-02,TDS,Contractors - Co/LLP,194C,Section 393,Sl. 6(i),Work Contracts / Manpower,2.0%,₹30000,₹100000,All business entities exceeding audit threshold,Company / Firm / LLP,20.0% (Sec 397(2)),01-Apr-2026,Fully implemented in STATUTORY_TDS_TABLE_2025 and TDSEngine,Displays 2% based on backend,Positive & PAN tested,2.0% in table and engine,None,IMPLEMENTED
TDS-03,TDS,Technical Services (FTS),194J(1)(b),Section 393,Sl. 6(iii)(D)(a),Fees for Technical Services,2.0%,₹30000,₹30000,Any person other than individual/HUF,Any resident,20.0% (Sec 397(2)),01-Apr-2026,Implemented in STATUTORY_TDS_TABLE_2025 and adapter,Displays 2% and provision,Tested in fixtures and unit tests,2.0% hardcoded in adapter and engine,None,IMPLEMENTED
TDS-04,TDS,Professional Services,194J(1)(a),Section 393,Sl. 6(iii)(D)(b),Professional Services,10.0%,₹30000,₹30000,Any person other than individual/HUF,Any resident,20.0% (Sec 397(2)),01-Apr-2026,Implemented in STATUTORY_TDS_TABLE_2025 and adapter,Displays 10% and provision,Tested in fixtures,10.0% hardcoded in adapter and engine,None,IMPLEMENTED
TDS-05,TDS,Rent - Plant/Machinery,194-I(a),Section 393,Sl. 2(ii),Rent Plant/Machinery/Equipment,2.0%,₹240000,₹240000,Any person paying rent,Any resident,20.0% (Sec 397(2)),01-Apr-2026,Implemented in STATUTORY_TDS_TABLE_2025,Displays 2% rent,Tested in regression suite,2.0% in table and engine,None,IMPLEMENTED
TDS-06,TDS,Rent - Land/Building,194-I(b),Section 393,Sl. 2(ii),Rent Land/Building/Furniture,10.0%,₹240000,₹240000,Any person paying rent,Any resident,20.0% (Sec 397(2)),01-Apr-2026,Implemented in STATUTORY_TDS_TABLE_2025,Displays 10% rent,Tested in regression suite,10.0% in table,Fallback to 2% if unclassified in old branch,IMPLEMENTED
TDS-07,TDS,Commission / Brokerage,194H,Section 393,Sl. 1(ii),Commission & Brokerage,2.0%,₹15000,₹15000,Any person paying commission,Any resident,20.0% (Sec 397(2)),01-Apr-2026,Implemented in STATUTORY_TDS_TABLE_2025,Displays 2%,Tested in master matrix,2.0% in table and adapter,None,IMPLEMENTED
TDS-08,TDS,Purchase of Goods,194Q,Section 393,Sl. 8(ii),Purchase of Goods,0.10%,None,₹5000000,Buyer Turnover > 10 Cr,Resident seller,5.0% (Sec 397(2)),01-Apr-2026,Implemented in STATUTORY_TDS_TABLE_2025 and TDSEngine,Displays 0.1%,Tested in fixture CASE_10,0.10% and 5.0% in TDSEngine,No cumulative FY ledger tracking (invoice-level stateless),PARTIAL
TDS-09,TDS,Benefit or Perquisite,194R,Section 393,Sl. 8(iv),Business Benefit/Perquisite,10.0%,None,₹20000,Person providing benefit in business,Resident recipient,20.0% (Sec 397(2)),01-Apr-2026,Implemented in STATUTORY_TDS_TABLE_2025,Displays 10%,Untested in integration,10.0% in table,None,PARTIAL
TDS-10,TDS,E-commerce Participant,194-O,Section 393,Sl. 8(v),E-commerce Participant Supply,0.10%,None,₹500000 (Ind/HUF),E-commerce operator,E-commerce participant,5.0% (Sec 397(2)),01-Apr-2026,Implemented in STATUTORY_TDS_TABLE_2025,Displays 0.1%,Tested in PAN suite,0.10% and 5.0% in TDSEngine,None,IMPLEMENTED
TDS-11,TDS,Virtual Digital Asset,194S,Section 393,Sl. 8(vi),Transfer of VDA,1.0%,₹50000 / ₹10000,₹50000 / ₹10000,Any person paying consideration,Resident seller,20.0% (Sec 397(2)),01-Apr-2026,Implemented in STATUTORY_TDS_TABLE_2025,Displays 1%,Untested,1.0% in table,None,PARTIAL
TDS-12,TDS,Dividends,194,Section 393,Sl. 7,Dividend Distribution,10.0%,₹5000,₹5000,Principal officer of company,Shareholder,20.0% (Sec 397(2)),01-Apr-2026,Implemented in STATUTORY_TDS_TABLE_2025,Displays 10%,Untested on vendor invoices,10.0% in table,Zoho mapping strictly excludes passive dividend,IMPLEMENTED
TDS-13,TDS,Interest on Securities,193,Section 393,Sl. 5(i),Interest on Securities,10.0%,₹10000,₹10000,Person responsible for paying interest,Resident holder,20.0% (Sec 397(2)),01-Apr-2026,Implemented in STATUTORY_TDS_TABLE_2025,Displays 10%,Untested,10.0% in table,None,PARTIAL
TDS-14,TDS,Interest Other,194A,Section 393,Sl. 5(ii),Interest (Bank/Coop/Others),10.0%,₹50000 / ₹5000,₹50000 / ₹5000,Payer of interest,Resident payee,20.0% (Sec 397(2)),01-Apr-2026,Implemented in STATUTORY_TDS_TABLE_2025,Displays 10%,Untested,10.0% in table,None,PARTIAL
TDS-15,TDS,Mutual Fund Units Income,194K,Section 393,Sl. 4(i),Income from Units,10.0%,₹5000,₹5000,Mutual Fund / Administrator,Unit holder,20.0% (Sec 397(2)),01-Apr-2026,Implemented in STATUTORY_TDS_TABLE_2025,Displays 10%,Untested,10.0% in table,None,PARTIAL
TDS-16,TDS,Non-Resident Payments,195,Section 393,Sub-sec (2),Payments to Foreign Entity,20.0% / DTAA,None,None,Any person paying to non-resident,Non-resident / Foreign company,20.0% / Higher,01-Apr-2026,Implemented in STATUTORY_TDS_TABLE_2025,Displays 20%,Untested,20.0% base rate,Does not ingest DTAA certificates or Section 197 orders,PARTIAL
RCM-01,RCM,GTA Services,CGST Sec 9(3),CGST Sec 9(3),Notif 13/2017 Item 1,Goods Transport Agency,5.0% / 12%,None,None,Registered recipient (Factory/Society/Coop/Body Corporate),GTA not opting for forward charge,N/A,01-Jul-2017,Only detects if invoice text has Reverse Charge = Yes,Displays RCM flag if present,Tested happy path only,None,Fails completely if supplier omits explicit text on invoice,WRONG
RCM-02,RCM,Legal Services,CGST Sec 9(3),CGST Sec 9(3),Notif 13/2017 Item 2,Legal Services by Advocate / Firm,18.0%,None,None,Business entity located in taxable territory,Individual advocate / firm of advocates,N/A,01-Jul-2017,Only detects if invoice text has Reverse Charge = Yes,Displays RCM flag if present,Tested happy path only,None,Fails to detect SAC 9982 or advocate firm automatically,WRONG
RCM-03,RCM,Security Personnel Services,CGST Sec 9(3),CGST Sec 9(3),Notif 29/2018 Item 14,Security Personnel Supply,18.0%,None,None,Registered person located in taxable territory,Non-body corporate (Individual/Firm/LLP),N/A,01-Jan-2019,Treated as standard 194C forward charge contractor,Displays forward charge contractor,Untested for RCM,None,No supplier entity type check or SAC 9985 RCM trigger,MISSING
RCM-04,RCM,Director Remuneration,CGST Sec 9(3),CGST Sec 9(3),Notif 13/2017 Item 6,Services by Company Director,18.0%,None,None,Company / Body Corporate,Director of company (non-employee),N/A,01-Jul-2017,Only detects if invoice text has Reverse Charge = Yes,Displays RCM flag if present,Untested,None,Fails to identify director account/sitting fees as statutory RCM,MISSING
RCM-05,RCM,Renting of Motor Vehicle,CGST Sec 9(3),CGST Sec 9(3),Notif 22/2019 Item 15,Renting of motor vehicle to body corporate,5.0%,None,None,Body corporate in taxable territory,Non-body corporate not charging 12%,N/A,01-Oct-2019,Treated as forward charge rent/transport,Displays forward charge rent,Untested,None,Does not check recipient body corporate status or 5% rate,MISSING
RCM-06,RCM,Import of Services,IGST Sec 5(3),IGST Sec 5(3),Notif 10/2017 Integrated Tax,Services from supplier outside India,18.0%,None,None,Person located in taxable territory for business,Supplier located outside India,N/A,01-Jul-2017,Supplier outside India check present in prompt only,Displays prompt candidate,Untested in backend engine,None,No backend statutory engine rule for overseas supplier GSTIN missing,MISSING
GST-01,GST,Intra-State Supply,CGST Sec 9,CGST Sec 9,N/A,Intra-State Supply of Goods/Services,CGST+SGST,None,None,Supplier State == Place of Supply,Registered/Unregistered,N/A,01-Jul-2017,Fully implemented in GSTEngine,Displays CGST and SGST,Tested extensively,Split rate / 2.0,None,IMPLEMENTED
GST-02,GST,Inter-State Supply,IGST Sec 5,IGST Sec 5,N/A,Inter-State Supply of Goods/Services,IGST,None,None,Supplier State != Place of Supply,Registered/Unregistered,N/A,01-Jul-2017,Fully implemented in GSTEngine,Displays IGST,Tested extensively,IGST rate,None,IMPLEMENTED
GST-03,GST,Place of Supply - Immovable Property,IGST Sec 12(3),IGST Sec 12(3),N/A,Services directly in relation to immovable property,Property Location,None,None,Property Location determines POS,Service provider/recipient,N/A,01-Jul-2017,Partially implemented via text regex scan on invoice,Displays POS,Untested edge cases,None,Falls back to buyer GSTIN state if property address not in POS field,PARTIAL
GST-04,GST,Bill-to Ship-to Supply of Goods,IGST Sec 10(1)(b),IGST Sec 10(1)(b),N/A,Goods delivered to 3rd party on direction of buyer,Third Party / Delivery,None,None,Principal place of business of buyer (3rd party),Registered buyer,N/A,01-Jul-2017,Only checks shipping_address text against buyer address,Displays shipping address,Untested,None,Lacks tripartite model; defaults to ship-to state if explicit,PARTIAL
GST-05,GST,Zero-Rated Supplies (SEZ/Export),IGST Sec 16,IGST Sec 16,N/A,Supply to SEZ Developer/Unit or Export,0% / Refund,None,None,Supply to SEZ or outside India,LUT / Bond or with IGST,N/A,01-Jul-2017,Not implemented in GSTEngine; treats SEZ as normal IGST,Displays IGST,Untested,None,Zero-rating under LUT not supported,MISSING
ITC-01,ITC,Section 16(2) Mandatory Invoice Gates,CGST Sec 16(2),CGST Sec 16(2),N/A,Possession of tax invoice with prescribed particulars,100% Tax,None,None,Registered recipient,Registered supplier,N/A,01-Jul-2017,Fully implemented in ITCEngine,Displays eligibility gate,Tested in test_itc_comprehensive,Mandatory fields list,None,IMPLEMENTED
ITC-02,ITC,Section 16(4) Statutory Time Limit,CGST Sec 16(4),CGST Sec 16(4),N/A,Cutoff date: 30th Nov of subsequent FY or Annual Return,30th Nov subsequent FY,None,None,Claim within statutory window,Registered recipient,N/A,01-Jul-2017,Fully implemented in ITCEngine,Displays time limit status,Tested in test_itc_hardened_comprehensive,Deadline 30-Nov,None,IMPLEMENTED
ITC-03,ITC,Section 16(3) Capital Goods Depreciation,CGST Sec 16(3),CGST Sec 16(3),N/A,Depreciation claimed on tax component of capital goods,100% Ineligible,None,None,Depreciation claimed under Income Tax Sec 32,Capital goods buyer,N/A,01-Jul-2017,Fully implemented in ITCEngine,Displays blocked status,Tested,None,None,IMPLEMENTED
ITC-04,ITC,Section 17(5)(a) Motor Vehicles,CGST Sec 17(5)(a),CGST Sec 17(5)(a),N/A,Motor vehicles for transport of persons (<=13 seats),100% Blocked,None,None,Passenger vehicle purchase/hire,Business operations,N/A,01-Jul-2017,Fully implemented with statutory exceptions in ITCEngine,Displays blocked credit,Tested in test_itc_comprehensive,Seating 13,None,IMPLEMENTED
ITC-05,ITC,Section 17(5)(b) Food Catering Club Fitness,CGST Sec 17(5)(b),CGST Sec 17(5)(b),N/A,Food, beverages, outdoor catering, club, fitness,100% Blocked,None,None,Personal/employee welfare inputs,Business entity,N/A,01-Jul-2017,Fully implemented with statutory exception check in ITCEngine,Displays blocked credit,Tested,None,None,IMPLEMENTED
ITC-06,ITC,Section 17(5)(c)/(d) Works Contract Construction,CGST Sec 17(5)(c)/(d),CGST Sec 17(5)(c)/(d),N/A,Works contract / goods for immovable property,100% Blocked,None,None,Construction of immovable property on own account,Business entity,N/A,01-Jul-2017,Fully implemented with Plant & Machinery exception in ITCEngine,Displays blocked credit,Tested,None,None,IMPLEMENTED
ITC-07,ITC,Section 17(2) & Rule 42 Common Credit,CGST Rule 42,CGST Rule 42,N/A,Apportionment of common inputs (Taxable vs Exempt),Statutory formula,None,None,Recipient makes exempt and taxable supplies,Business entity,N/A,01-Jul-2017,Fully implemented mathematical formula in ITCEngine,Displays breakdown,Tested,D2 factor 5%,Lacks dynamic live turnover connection from ERP,PARTIAL
ITC-08,ITC,Rule 43 Capital Goods Apportionment,CGST Rule 43,CGST Rule 43,N/A,Capital goods common credit apportionment (60 months),Amortization over 60 mo,None,None,Capital goods used for exempt and taxable,Business entity,N/A,01-Jul-2017,Fully implemented formula in ITCEngine,Displays breakdown,Tested,Useful life 60 months,Lacks monthly depreciation trigger,PARTIAL
ITC-09,ITC,Rule 37 180-Day Payment Reversal,CGST Rule 37,CGST Rule 37,N/A,Failure to pay supplier value + tax within 180 days,Mandatory reversal,180 Days,None,Unpaid beyond 180 days,Registered recipient,N/A,01-Jul-2017,Calculation implemented; lacks payment history trigger,Displays warning,Tested in test_itc_hardened_comprehensive,180 days,No payment ledger integration to calculate aging,PARTIAL
ITC-10,ITC,Section 16(2)(aa) GSTR-2B Reconciliation,CGST Sec 16(2)(aa),CGST Sec 16(2)(aa),N/A,Invoice details uploaded by supplier in GSTR-1 and in 2B,Eligibility condition,None,None,Invoice reflected in GSTR-2B statement,Registered recipient,N/A,01-Jan-2022,Deterministic field-by-field matcher implemented in ITCEngine,Displays 2B match,Tested,Match score logic,No live GST portal API sync,PARTIAL
